Company,Theme,Level,Level Name,Use Case,Status,Capability to implement to others,Solution Name,Solution Description,Function in Solution
TMA,Quality,2,Manual Process with Standard Procedure,Manual Inspection with Paper Checksheets,Green,Yes,TMA Quality L2 System,Advanced implementation of Manual Inspection with Paper Checksheets tailored for TMA operations.,Monitors Quality parameters to ensure efficiency at Level 2.
TMA,Quality,3,Digitalized Monitoring,Real-time Digital Quality Recording,Green,Yes,TMA Quality L3 System,Advanced implementation of Real-time Digital Quality Recording tailored for TMA operations.,Monitors Quality parameters to ensure efficiency at Level 3.
TMA,Quality,4,Data-Driven Prediction,AI-based Visual Defect Detection,Yellow,Yes,TMA Quality L4 System,Advanced implementation of AI-based Visual Defect Detection tailored for TMA operations.,Monitors Quality parameters to ensure efficiency at Level 4.
TMA,Quality,5,Autonomous / Prescriptive Process,Autonomous Quality Feedback Loop,Red,Yes,TMA Quality L5 System,Advanced implementation of Autonomous Quality Feedback Loop tailored for TMA operations.,Monitors Quality parameters to ensure efficiency at Level 5.
TMA,Maintenance,2,Manual Process with Standard Procedure,Manual Breakdown Maintenance Log,Green,Yes,TMA Maintenance L2 System,Advanced implementation of Manual Breakdown Maintenance Log tailored for TMA operations.,Monitors Maintenance parameters to ensure efficiency at Level 2.
TMA,Maintenance,3,Digitalized Monitoring,IoT-based Condition Monitoring,Red,Yes,TMA Maintenance L3 System,Advanced implementation of IoT-based Condition Monitoring tailored for TMA operations.,Monitors Maintenance parameters to ensure efficiency at Level 3.
TMA,Maintenance,4,Data-Driven Prediction,Predictive Maintenance (PdM) Analytics,Red,Yes,TMA Maintenance L4 System,Advanced implementation of Predictive Maintenance (PdM) Analytics tailored for TMA operations.,Monitors Maintenance parameters to ensure efficiency at Level 4.
TMA,Maintenance,5,Autonomous / Prescriptive Process,Self-Diagnostic & Autonomous Repair,Red,Yes,TMA Maintenance L5 System,Advanced implementation of Self-Diagnostic & Autonomous Repair tailored for TMA operations.,Monitors Maintenance parameters to ensure efficiency at Level 5.
TMA,Digital Workplace,2,Manual Process with Standard Procedure,Physical Notice Boards & Paper Forms,Green,Yes,TMA Digital Workplace L2 System,Advanced implementation of Physical Notice Boards & Paper Forms tailored for TMA operations.,Monitors Digital Workplace parameters to ensure efficiency at Level 2.
TMA,Digital Workplace,3,Digitalized Monitoring,Centralized SharePoint Portals,Yellow,Yes,TMA Digital Workplace L3 System,Advanced implementation of Centralized SharePoint Portals tailored for TMA operations.,Monitors Digital Workplace parameters to ensure efficiency at Level 3.
TMA,Digital Workplace,4,Data-Driven Prediction,Automated Workflow & Mobile Integration,Yellow,Yes,TMA Digital Workplace L4 System,Advanced implementation of Automated Workflow & Mobile Integration tailored for TMA operations.,Monitors Digital Workplace parameters to ensure efficiency at Level 4.
TMA,Digital Workplace,5,Autonomous / Prescriptive Process,AI Personal Assistant for Task Management,Red,Yes,TMA Digital Workplace L5 System,Advanced implementation of AI Personal Assistant for Task Management tailored for TMA operations.,Monitors Digital Workplace parameters to ensure efficiency at Level 5.
TMA,Demand & Supply,2,Manual Process with Standard Procedure,Excel-based Manual Forecasting,Green,Yes,TMA Demand & Supply L2 System,Advanced implementation of Excel-based Manual Forecasting tailored for TMA operations.,Monitors Demand & Supply parameters to ensure efficiency at Level 2.
TMA,Demand & Supply,3,Digitalized Monitoring,ERP-Integrated Demand Visibility,Green,Yes,TMA Demand & Supply L3 System,Advanced implementation of ERP-Integrated Demand Visibility tailored for TMA operations.,Monitors Demand & Supply parameters to ensure efficiency at Level 3.
TMA,Demand & Supply,4,Data-Driven Prediction,Real-time Supply Chain Simulation,Yellow,Yes,TMA Demand & Supply L4 System,Advanced implementation of Real-time Supply Chain Simulation tailored for TMA operations.,Monitors Demand & Supply parameters to ensure efficiency at Level 4.
TMA,Demand & Supply,5,Autonomous / Prescriptive Process,Self-Adjusting Autonomous Supply Chain,Red,Yes,TMA Demand & Supply L5 System,Advanced implementation of Self-Adjusting Autonomous Supply Chain tailored for TMA operations.,Monitors Demand & Supply parameters to ensure efficiency at Level 5.
TMA,Smart Process Equipment Preparation,2,Manual Process with Standard Procedure,Manual Machine Setup Instructions,Green,Yes,TMA Smart Process Equipment Preparation L2 System,Advanced implementation of Manual Machine Setup Instructions tailored for TMA operations.,Monitors Smart Process Equipment Preparation parameters to ensure efficiency at Level 2.
TMA,Smart Process Equipment Preparation,3,Digitalized Monitoring,Digital PLC Data Logging,Red,Yes,TMA Smart Process Equipment Preparation L3 System,Advanced implementation of Digital PLC Data Logging tailored for TMA operations.,Monitors Smart Process Equipment Preparation parameters to ensure efficiency at Level 3.
TMA,Smart Process Equipment Preparation,4,Data-Driven Prediction,Digital Twin for Process Simulation,Red,Yes,TMA Smart Process Equipment Preparation L4 System,Advanced implementation of Digital Twin for Process Simulation tailored for TMA operations.,Monitors Smart Process Equipment Preparation parameters to ensure efficiency at Level 4.
TMA,Smart Process Equipment Preparation,5,Autonomous / Prescriptive Process,Autonomous Machine Self-Configuration,Red,Yes,TMA Smart Process Equipment Preparation L5 System,Advanced implementation of Autonomous Machine Self-Configuration tailored for TMA operations.,Monitors Smart Process Equipment Preparation parameters to ensure efficiency at Level 5.
TMT,Quality,2,Manual Process with Standard Procedure,Manual Inspection with Paper Checksheets,Green,Yes,TMT Quality L2 System,Advanced implementation of Manual Inspection with Paper Checksheets tailored for TMT operations.,Monitors Quality parameters to ensure efficiency at Level 2.
TMT,Quality,3,Digitalized Monitoring,Real-time Digital Quality Recording,Green,Yes,TMT Quality L3 System,Advanced implementation of Real-time Digital Quality Recording tailored for TMT operations.,Monitors Quality parameters to ensure efficiency at Level 3.
TMT,Quality,4,Data-Driven Prediction,AI-based Visual Defect Detection,Green,Yes,TMT Quality L4 System,Advanced implementation of AI-based Visual Defect Detection tailored for TMT operations.,Monitors Quality parameters to ensure efficiency at Level 4.
TMT,Quality,5,Autonomous / Prescriptive Process,Autonomous Quality Feedback Loop,Red,Yes,TMT Quality L5 System,Advanced implementation of Autonomous Quality Feedback Loop tailored for TMT operations.,Monitors Quality parameters to ensure efficiency at Level 5.
TMT,Maintenance,2,Manual Process with Standard Procedure,Manual Breakdown Maintenance Log,Green,Yes,TMT Maintenance L2 System,Advanced implementation of Manual Breakdown Maintenance Log tailored for TMT operations.,Monitors Maintenance parameters to ensure efficiency at Level 2.
TMT,Maintenance,3,Digitalized Monitoring,IoT-based Condition Monitoring,Green,Yes,TMT Maintenance L3 System,Advanced implementation of IoT-based Condition Monitoring tailored for TMT operations.,Monitors Maintenance parameters to ensure efficiency at Level 3.
TMT,Maintenance,4,Data-Driven Prediction,Predictive Maintenance (PdM) Analytics,Green,Yes,TMT Maintenance L4 System,Advanced implementation of Predictive Maintenance (PdM) Analytics tailored for TMT operations.,Monitors Maintenance parameters to ensure efficiency at Level 4.
TMT,Maintenance,5,Autonomous / Prescriptive Process,Self-Diagnostic & Autonomous Repair,Red,Yes,TMT Maintenance L5 System,Advanced implementation of Self-Diagnostic & Autonomous Repair tailored for TMT operations.,Monitors Maintenance parameters to ensure efficiency at Level 5.
TMT,Digital Workplace,2,Manual Process with Standard Procedure,Physical Notice Boards & Paper Forms,Green,Yes,TMT Digital Workplace L2 System,Advanced implementation of Physical Notice Boards & Paper Forms tailored for TMT operations.,Monitors Digital Workplace parameters to ensure efficiency at Level 2.
TMT,Digital Workplace,3,Digitalized Monitoring,Centralized SharePoint Portals,Green,Yes,TMT Digital Workplace L3 System,Advanced implementation of Centralized SharePoint Portals tailored for TMT operations.,Monitors Digital Workplace parameters to ensure efficiency at Level 3.
TMT,Digital Workplace,4,Data-Driven Prediction,Automated Workflow & Mobile Integration,Green,Yes,TMT Digital Workplace L4 System,Advanced implementation of Automated Workflow & Mobile Integration tailored for TMT operations.,Monitors Digital Workplace parameters to ensure efficiency at Level 4.
TMT,Digital Workplace,5,Autonomous / Prescriptive Process,AI Personal Assistant for Task Management,Red,Yes,TMT Digital Workplace L5 System,Advanced implementation of AI Personal Assistant for Task Management tailored for TMT operations.,Monitors Digital Workplace parameters to ensure efficiency at Level 5.
TMT,Demand & Supply,2,Manual Process with Standard Procedure,Excel-based Manual Forecasting,Green,Yes,TMT Demand & Supply L2 System,Advanced implementation of Excel-based Manual Forecasting tailored for TMT operations.,Monitors Demand & Supply parameters to ensure efficiency at Level 2.
TMT,Demand & Supply,3,Digitalized Monitoring,ERP-Integrated Demand Visibility,Green,Yes,TMT Demand & Supply L3 System,Advanced implementation of ERP-Integrated Demand Visibility tailored for TMT operations.,Monitors Demand & Supply parameters to ensure efficiency at Level 3.
TMT,Demand & Supply,4,Data-Driven Prediction,Real-time Supply Chain Simulation,Green,Yes,TMT Demand & Supply L4 System,Advanced implementation of Real-time Supply Chain Simulation tailored for TMT operations.,Monitors Demand & Supply parameters to ensure efficiency at Level 4.
TMT,Demand & Supply,5,Autonomous / Prescriptive Process,Self-Adjusting Autonomous Supply Chain,Red,Yes,TMT Demand & Supply L5 System,Advanced implementation of Self-Adjusting Autonomous Supply Chain tailored for TMT operations.,Monitors Demand & Supply parameters to ensure efficiency at Level 5.
TMT,Smart Process Equipment Preparation,2,Manual Process with Standard Procedure,Manual Machine Setup Instructions,Green,Yes,TMT Smart Process Equipment Preparation L2 System,Advanced implementation of Manual Machine Setup Instructions tailored for TMT operations.,Monitors Smart Process Equipment Preparation parameters to ensure efficiency at Level 2.
TMT,Smart Process Equipment Preparation,3,Digitalized Monitoring,Digital PLC Data Logging,Green,Yes,TMT Smart Process Equipment Preparation L3 System,Advanced implementation of Digital PLC Data Logging tailored for TMT operations.,Monitors Smart Process Equipment Preparation parameters to ensure efficiency at Level 3.
TMT,Smart Process Equipment Preparation,4,Data-Driven Prediction,Digital Twin for Process Simulation,Green,Yes,TMT Smart Process Equipment Preparation L4 System,Advanced implementation of Digital Twin for Process Simulation tailored for TMT operations.,Monitors Smart Process Equipment Preparation parameters to ensure efficiency at Level 4.
TMT,Smart Process Equipment Preparation,5,Autonomous / Prescriptive Process,Autonomous Machine Self-Configuration,Red,Yes,TMT Smart Process Equipment Preparation L5 System,Advanced implementation of Autonomous Machine Self-Configuration tailored for TMT operations.,Monitors Smart Process Equipment Preparation parameters to ensure efficiency at Level 5.
TMMIN,Quality,2,Manual Process with Standard Procedure,Manual Inspection with Paper Checksheets,Green,Yes,TMMIN Quality L2 System,Advanced implementation of Manual Inspection with Paper Checksheets tailored for TMMIN operations.,Monitors Quality parameters to ensure efficiency at Level 2.
TMMIN,Quality,3,Digitalized Monitoring,Real-time Digital Quality Recording,Green,Yes,TMMIN Quality L3 System,Advanced implementation of Real-time Digital Quality Recording tailored for TMMIN operations.,Monitors Quality parameters to ensure efficiency at Level 3.
TMMIN,Quality,4,Data-Driven Prediction,AI-based Visual Defect Detection,Green,Yes,TMMIN Quality L4 System,Advanced implementation of AI-based Visual Defect Detection tailored for TMMIN operations.,Monitors Quality parameters to ensure efficiency at Level 4.
TMMIN,Quality,5,Autonomous / Prescriptive Process,Autonomous Quality Feedback Loop,Red,Yes,TMMIN Quality L5 System,Advanced implementation of Autonomous Quality Feedback Loop tailored for TMMIN operations.,Monitors Quality parameters to ensure efficiency at Level 5.
TMMIN,Maintenance,2,Manual Process with Standard Procedure,Manual Breakdown Maintenance Log,Green,Yes,TMMIN Maintenance L2 System,Advanced implementation of Manual Breakdown Maintenance Log tailored for TMMIN operations.,Monitors Maintenance parameters to ensure efficiency at Level 2.
TMMIN,Maintenance,3,Digitalized Monitoring,IoT-based Condition Monitoring,Green,Yes,TMMIN Maintenance L3 System,Advanced implementation of IoT-based Condition Monitoring tailored for TMMIN operations.,Monitors Maintenance parameters to ensure efficiency at Level 3.
TMMIN,Maintenance,4,Data-Driven Prediction,Predictive Maintenance (PdM) Analytics,Green,Yes,TMMIN Maintenance L4 System,Advanced implementation of Predictive Maintenance (PdM) Analytics tailored for TMMIN operations.,Monitors Maintenance parameters to ensure efficiency at Level 4.
TMMIN,Maintenance,5,Autonomous / Prescriptive Process,Self-Diagnostic & Autonomous Repair,Red,Yes,TMMIN Maintenance L5 System,Advanced implementation of Self-Diagnostic & Autonomous Repair tailored for TMMIN operations.,Monitors Maintenance parameters to ensure efficiency at Level 5.
TMMIN,Digital Workplace,2,Manual Process with Standard Procedure,Physical Notice Boards & Paper Forms,Green,Yes,TMMIN Digital Workplace L2 System,Advanced implementation of Physical Notice Boards & Paper Forms tailored for TMMIN operations.,Monitors Digital Workplace parameters to ensure efficiency at Level 2.
TMMIN,Digital Workplace,3,Digitalized Monitoring,Centralized SharePoint Portals,Green,Yes,TMMIN Digital Workplace L3 System,Advanced implementation of Centralized SharePoint Portals tailored for TMMIN operations.,Monitors Digital Workplace parameters to ensure efficiency at Level 3.
TMMIN,Digital Workplace,4,Data-Driven Prediction,Automated Workflow & Mobile Integration,Yellow,Yes,TMMIN Digital Workplace L4 System,Advanced implementation of Automated Workflow & Mobile Integration tailored for TMMIN operations.,Monitors Digital Workplace parameters to ensure efficiency at Level 4.
TMMIN,Digital Workplace,5,Autonomous / Prescriptive Process,AI Personal Assistant for Task Management,Red,Yes,TMMIN Digital Workplace L5 System,Advanced implementation of AI Personal Assistant for Task Management tailored for TMMIN operations.,Monitors Digital Workplace parameters to ensure efficiency at Level 5.
TMMIN,Demand & Supply,2,Manual Process with Standard Procedure,Excel-based Manual Forecasting,Green,Yes,TMMIN Demand & Supply L2 System,Advanced implementation of Excel-based Manual Forecasting tailored for TMMIN operations.,Monitors Demand & Supply parameters to ensure efficiency at Level 2.
TMMIN,Demand & Supply,3,Digitalized Monitoring,ERP-Integrated Demand Visibility,Green,Yes,TMMIN Demand & Supply L3 System,Advanced implementation of ERP-Integrated Demand Visibility tailored for TMMIN operations.,Monitors Demand & Supply parameters to ensure efficiency at Level 3.
TMMIN,Demand & Supply,4,Data-Driven Prediction,Real-time Supply Chain Simulation,Green,Yes,TMMIN Demand & Supply L4 System,Advanced implementation of Real-time Supply Chain Simulation tailored for TMMIN operations.,Monitors Demand & Supply parameters to ensure efficiency at Level 4.
TMMIN,Demand & Supply,5,Autonomous / Prescriptive Process,Self-Adjusting Autonomous Supply Chain,Red,Yes,TMMIN Demand & Supply L5 System,Advanced implementation of Self-Adjusting Autonomous Supply Chain tailored for TMMIN operations.,Monitors Demand & Supply parameters to ensure efficiency at Level 5.
TMMIN,Smart Process Equipment Preparation,2,Manual Process with Standard Procedure,Manual Machine Setup Instructions,Green,Yes,TMMIN Smart Process Equipment Preparation L2 System,Advanced implementation of Manual Machine Setup Instructions tailored for TMMIN operations.,Monitors Smart Process Equipment Preparation parameters to ensure efficiency at Level 2.
TMMIN,Smart Process Equipment Preparation,3,Digitalized Monitoring,Digital PLC Data Logging,Green,Yes,TMMIN Smart Process Equipment Preparation L3 System,Advanced implementation of Digital PLC Data Logging tailored for TMMIN operations.,Monitors Smart Process Equipment Preparation parameters to ensure efficiency at Level 3.
TMMIN,Smart Process Equipment Preparation,4,Data-Driven Prediction,Digital Twin for Process Simulation,Yellow,Yes,TMMIN Smart Process Equipment Preparation L4 System,Advanced implementation of Digital Twin for Process Simulation tailored for TMMIN operations.,Monitors Smart Process Equipment Preparation parameters to ensure efficiency at Level 4.
TMMIN,Smart Process Equipment Preparation,5,Autonomous / Prescriptive Process,Autonomous Machine Self-Configuration,Red,Yes,TMMIN Smart Process Equipment Preparation L5 System,Advanced implementation of Autonomous Machine Self-Configuration tailored for TMMIN operations.,Monitors Smart Process Equipment Preparation parameters to ensure efficiency at Level 5.
STM,Quality,2,Manual Process with Standard Procedure,Manual Inspection with Paper Checksheets,Green,No,STM Quality L2 System,Advanced implementation of Manual Inspection with Paper Checksheets tailored for STM operations.,Monitors Quality parameters to ensure efficiency at Level 2.
STM,Quality,3,Digitalized Monitoring,Real-time Digital Quality Recording,Green,No,STM Quality L3 System,Advanced implementation of Real-time Digital Quality Recording tailored for STM operations.,Monitors Quality parameters to ensure efficiency at Level 3.
STM,Quality,4,Data-Driven Prediction,AI-based Visual Defect Detection,Green,No,STM Quality L4 System,Advanced implementation of AI-based Visual Defect Detection tailored for STM operations.,Monitors Quality parameters to ensure efficiency at Level 4.
STM,Quality,5,Autonomous / Prescriptive Process,Autonomous Quality Feedback Loop,Red,No,STM Quality L5 System,Advanced implementation of Autonomous Quality Feedback Loop tailored for STM operations.,Monitors Quality parameters to ensure efficiency at Level 5.
STM,Maintenance,2,Manual Process with Standard Procedure,Manual Breakdown Maintenance Log,Green,No,STM Maintenance L2 System,Advanced implementation of Manual Breakdown Maintenance Log tailored for STM operations.,Monitors Maintenance parameters to ensure efficiency at Level 2.
STM,Maintenance,3,Digitalized Monitoring,IoT-based Condition Monitoring,Green,No,STM Maintenance L3 System,Advanced implementation of IoT-based Condition Monitoring tailored for STM operations.,Monitors Maintenance parameters to ensure efficiency at Level 3.
STM,Maintenance,4,Data-Driven Prediction,Predictive Maintenance (PdM) Analytics,Green,No,STM Maintenance L4 System,Advanced implementation of Predictive Maintenance (PdM) Analytics tailored for STM operations.,Monitors Maintenance parameters to ensure efficiency at Level 4.
STM,Maintenance,5,Autonomous / Prescriptive Process,Self-Diagnostic & Autonomous Repair,Red,No,STM Maintenance L5 System,Advanced implementation of Self-Diagnostic & Autonomous Repair tailored for STM operations.,Monitors Maintenance parameters to ensure efficiency at Level 5.
STM,Digital Workplace,2,Manual Process with Standard Procedure,Physical Notice Boards & Paper Forms,Green,No,STM Digital Workplace L2 System,Advanced implementation of Physical Notice Boards & Paper Forms tailored for STM operations.,Monitors Digital Workplace parameters to ensure efficiency at Level 2.
STM,Digital Workplace,3,Digitalized Monitoring,Centralized SharePoint Portals,Green,No,STM Digital Workplace L3 System,Advanced implementation of Centralized SharePoint Portals tailored for STM operations.,Monitors Digital Workplace parameters to ensure efficiency at Level 3.
STM,Digital Workplace,4,Data-Driven Prediction,Automated Workflow & Mobile Integration,Green,No,STM Digital Workplace L4 System,Advanced implementation of Automated Workflow & Mobile Integration tailored for STM operations.,Monitors Digital Workplace parameters to ensure efficiency at Level 4.
STM,Digital Workplace,5,Autonomous / Prescriptive Process,AI Personal Assistant for Task Management,Red,No,STM Digital Workplace L5 System,Advanced implementation of AI Personal Assistant for Task Management tailored for STM operations.,Monitors Digital Workplace parameters to ensure efficiency at Level 5.
STM,Demand & Supply,2,Manual Process with Standard Procedure,Excel-based Manual Forecasting,Green,No,STM Demand & Supply L2 System,Advanced implementation of Excel-based Manual Forecasting tailored for STM operations.,Monitors Demand & Supply parameters to ensure efficiency at Level 2.
STM,Demand & Supply,3,Digitalized Monitoring,ERP-Integrated Demand Visibility,Green,No,STM Demand & Supply L3 System,Advanced implementation of ERP-Integrated Demand Visibility tailored for STM operations.,Monitors Demand & Supply parameters to ensure efficiency at Level 3.
STM,Demand & Supply,4,Data-Driven Prediction,Real-time Supply Chain Simulation,Green,No,STM Demand & Supply L4 System,Advanced implementation of Real-time Supply Chain Simulation tailored for STM operations.,Monitors Demand & Supply parameters to ensure efficiency at Level 4.
STM,Demand & Supply,5,Autonomous / Prescriptive Process,Self-Adjusting Autonomous Supply Chain,Red,No,STM Demand & Supply L5 System,Advanced implementation of Self-Adjusting Autonomous Supply Chain tailored for STM operations.,Monitors Demand & Supply parameters to ensure efficiency at Level 5.
STM,Smart Process Equipment Preparation,2,Manual Process with Standard Procedure,Manual Machine Setup Instructions,Green,No,STM Smart Process Equipment Preparation L2 System,Advanced implementation of Manual Machine Setup Instructions tailored for STM operations.,Monitors Smart Process Equipment Preparation parameters to ensure efficiency at Level 2.
STM,Smart Process Equipment Preparation,3,Digitalized Monitoring,Digital PLC Data Logging,Green,No,STM Smart Process Equipment Preparation L3 System,Advanced implementation of Digital PLC Data Logging tailored for STM operations.,Monitors Smart Process Equipment Preparation parameters to ensure efficiency at Level 3.
STM,Smart Process Equipment Preparation,4,Data-Driven Prediction,Digital Twin for Process Simulation,Green,No,STM Smart Process Equipment Preparation L4 System,Advanced implementation of Digital Twin for Process Simulation tailored for STM operations.,Monitors Smart Process Equipment Preparation parameters to ensure efficiency at Level 4.
STM,Smart Process Equipment Preparation,5,Autonomous / Prescriptive Process,Autonomous Machine Self-Configuration,Red,No,STM Smart Process Equipment Preparation L5 System,Advanced implementation of Autonomous Machine Self-Configuration tailored for STM operations.,Monitors Smart Process Equipment Preparation parameters to ensure efficiency at Level 5.
ASSB,Quality,2,Manual Process with Standard Procedure,Manual Inspection with Paper Checksheets,Green,No,ASSB Quality L2 System,Advanced implementation of Manual Inspection with Paper Checksheets tailored for ASSB operations.,Monitors Quality parameters to ensure efficiency at Level 2.
ASSB,Quality,3,Digitalized Monitoring,Real-time Digital Quality Recording,Green,No,ASSB Quality L3 System,Advanced implementation of Real-time Digital Quality Recording tailored for ASSB operations.,Monitors Quality parameters to ensure efficiency at Level 3.
ASSB,Quality,4,Data-Driven Prediction,AI-based Visual Defect Detection,Red,No,ASSB Quality L4 System,Advanced implementation of AI-based Visual Defect Detection tailored for ASSB operations.,Monitors Quality parameters to ensure efficiency at Level 4.
ASSB,Quality,5,Autonomous / Prescriptive Process,Autonomous Quality Feedback Loop,Red,No,ASSB Quality L5 System,Advanced implementation of Autonomous Quality Feedback Loop tailored for ASSB operations.,Monitors Quality parameters to ensure efficiency at Level 5.
ASSB,Maintenance,2,Manual Process with Standard Procedure,Manual Breakdown Maintenance Log,Green,No,ASSB Maintenance L2 System,Advanced implementation of Manual Breakdown Maintenance Log tailored for ASSB operations.,Monitors Maintenance parameters to ensure efficiency at Level 2.
ASSB,Maintenance,3,Digitalized Monitoring,IoT-based Condition Monitoring,Green,No,ASSB Maintenance L3 System,Advanced implementation of IoT-based Condition Monitoring tailored for ASSB operations.,Monitors Maintenance parameters to ensure efficiency at Level 3.
ASSB,Maintenance,4,Data-Driven Prediction,Predictive Maintenance (PdM) Analytics,Red,No,ASSB Maintenance L4 System,Advanced implementation of Predictive Maintenance (PdM) Analytics tailored for ASSB operations.,Monitors Maintenance parameters to ensure efficiency at Level 4.
ASSB,Maintenance,5,Autonomous / Prescriptive Process,Self-Diagnostic & Autonomous Repair,Red,No,ASSB Maintenance L5 System,Advanced implementation of Self-Diagnostic & Autonomous Repair tailored for ASSB operations.,Monitors Maintenance parameters to ensure efficiency at Level 5.
ASSB,Digital Workplace,2,Manual Process with Standard Procedure,Physical Notice Boards & Paper Forms,Green,No,ASSB Digital Workplace L2 System,Advanced implementation of Physical Notice Boards & Paper Forms tailored for ASSB operations.,Monitors Digital Workplace parameters to ensure efficiency at Level 2.
ASSB,Digital Workplace,3,Digitalized Monitoring,Centralized SharePoint Portals,Green,No,ASSB Digital Workplace L3 System,Advanced implementation of Centralized SharePoint Portals tailored for ASSB operations.,Monitors Digital Workplace parameters to ensure efficiency at Level 3.
ASSB,Digital Workplace,4,Data-Driven Prediction,Automated Workflow & Mobile Integration,Red,No,ASSB Digital Workplace L4 System,Advanced implementation of Automated Workflow & Mobile Integration tailored for ASSB operations.,Monitors Digital Workplace parameters to ensure efficiency at Level 4.
ASSB,Digital Workplace,5,Autonomous / Prescriptive Process,AI Personal Assistant for Task Management,Red,No,ASSB Digital Workplace L5 System,Advanced implementation of AI Personal Assistant for Task Management tailored for ASSB operations.,Monitors Digital Workplace parameters to ensure efficiency at Level 5.
ASSB,Demand & Supply,2,Manual Process with Standard Procedure,Excel-based Manual Forecasting,Green,No,ASSB Demand & Supply L2 System,Advanced implementation of Excel-based Manual Forecasting tailored for ASSB operations.,Monitors Demand & Supply parameters to ensure efficiency at Level 2.
ASSB,Demand & Supply,3,Digitalized Monitoring,ERP-Integrated Demand Visibility,Green,No,ASSB Demand & Supply L3 System,Advanced implementation of ERP-Integrated Demand Visibility tailored for ASSB operations.,Monitors Demand & Supply parameters to ensure efficiency at Level 3.
ASSB,Demand & Supply,4,Data-Driven Prediction,Real-time Supply Chain Simulation,Red,No,ASSB Demand & Supply L4 System,Advanced implementation of Real-time Supply Chain Simulation tailored for ASSB operations.,Monitors Demand & Supply parameters to ensure efficiency at Level 4.
ASSB,Demand & Supply,5,Autonomous / Prescriptive Process,Self-Adjusting Autonomous Supply Chain,Red,No,ASSB Demand & Supply L5 System,Advanced implementation of Self-Adjusting Autonomous Supply Chain tailored for ASSB operations.,Monitors Demand & Supply parameters to ensure efficiency at Level 5.
ASSB,Smart Process Equipment Preparation,2,Manual Process with Standard Procedure,Manual Machine Setup Instructions,Green,No,ASSB Smart Process Equipment Preparation L2 System,Advanced implementation of Manual Machine Setup Instructions tailored for ASSB operations.,Monitors Smart Process Equipment Preparation parameters to ensure efficiency at Level 2.
ASSB,Smart Process Equipment Preparation,3,Digitalized Monitoring,Digital PLC Data Logging,Green,No,ASSB Smart Process Equipment Preparation L3 System,Advanced implementation of Digital PLC Data Logging tailored for ASSB operations.,Monitors Smart Process Equipment Preparation parameters to ensure efficiency at Level 3.
ASSB,Smart Process Equipment Preparation,4,Data-Driven Prediction,Digital Twin for Process Simulation,Red,No,ASSB Smart Process Equipment Preparation L4 System,Advanced implementation of Digital Twin for Process Simulation tailored for ASSB operations.,Monitors Smart Process Equipment Preparation parameters to ensure efficiency at Level 4.
ASSB,Smart Process Equipment Preparation,5,Autonomous / Prescriptive Process,Autonomous Machine Self-Configuration,Red,No,ASSB Smart Process Equipment Preparation L5 System,Advanced implementation of Autonomous Machine Self-Configuration tailored for ASSB operations.,Monitors Smart Process Equipment Preparation parameters to ensure efficiency at Level 5.
TMP,Quality,2,Manual Process with Standard Procedure,Manual Inspection with Paper Checksheets,Green,No,TMP Quality L2 System,Advanced implementation of Manual Inspection with Paper Checksheets tailored for TMP operations.,Monitors Quality parameters to ensure efficiency at Level 2.
TMP,Quality,3,Digitalized Monitoring,Real-time Digital Quality Recording,Red,No,TMP Quality L3 System,Advanced implementation of Real-time Digital Quality Recording tailored for TMP operations.,Monitors Quality parameters to ensure efficiency at Level 3.
TMP,Quality,4,Data-Driven Prediction,AI-based Visual Defect Detection,Red,No,TMP Quality L4 System,Advanced implementation of AI-based Visual Defect Detection tailored for TMP operations.,Monitors Quality parameters to ensure efficiency at Level 4.
TMP,Quality,5,Autonomous / Prescriptive Process,Autonomous Quality Feedback Loop,Red,No,TMP Quality L5 System,Advanced implementation of Autonomous Quality Feedback Loop tailored for TMP operations.,Monitors Quality parameters to ensure efficiency at Level 5.
TMP,Maintenance,2,Manual Process with Standard Procedure,Manual Breakdown Maintenance Log,Green,No,TMP Maintenance L2 System,Advanced implementation of Manual Breakdown Maintenance Log tailored for TMP operations.,Monitors Maintenance parameters to ensure efficiency at Level 2.
TMP,Maintenance,3,Digitalized Monitoring,IoT-based Condition Monitoring,Red,No,TMP Maintenance L3 System,Advanced implementation of IoT-based Condition Monitoring tailored for TMP operations.,Monitors Maintenance parameters to ensure efficiency at Level 3.
TMP,Maintenance,4,Data-Driven Prediction,Predictive Maintenance (PdM) Analytics,Red,No,TMP Maintenance L4 System,Advanced implementation of Predictive Maintenance (PdM) Analytics tailored for TMP operations.,Monitors Maintenance parameters to ensure efficiency at Level 4.
TMP,Maintenance,5,Autonomous / Prescriptive Process,Self-Diagnostic & Autonomous Repair,Red,No,TMP Maintenance L5 System,Advanced implementation of Self-Diagnostic & Autonomous Repair tailored for TMP operations.,Monitors Maintenance parameters to ensure efficiency at Level 5.
TMP,Digital Workplace,2,Manual Process with Standard Procedure,Physical Notice Boards & Paper Forms,Green,No,TMP Digital Workplace L2 System,Advanced implementation of Physical Notice Boards & Paper Forms tailored for TMP operations.,Monitors Digital Workplace parameters to ensure efficiency at Level 2.
TMP,Digital Workplace,3,Digitalized Monitoring,Centralized SharePoint Portals,Green,No,TMP Digital Workplace L3 System,Advanced implementation of Centralized SharePoint Portals tailored for TMP operations.,Monitors Digital Workplace parameters to ensure efficiency at Level 3.
TMP,Digital Workplace,4,Data-Driven Prediction,Automated Workflow & Mobile Integration,Red,No,TMP Digital Workplace L4 System,Advanced implementation of Automated Workflow & Mobile Integration tailored for TMP operations.,Monitors Digital Workplace parameters to ensure efficiency at Level 4.
TMP,Digital Workplace,5,Autonomous / Prescriptive Process,AI Personal Assistant for Task Management,Red,No,TMP Digital Workplace L5 System,Advanced implementation of AI Personal Assistant for Task Management tailored for TMP operations.,Monitors Digital Workplace parameters to ensure efficiency at Level 5.
TMP,Demand & Supply,2,Manual Process with Standard Procedure,Excel-based Manual Forecasting,Green,No,TMP Demand & Supply L2 System,Advanced implementation of Excel-based Manual Forecasting tailored for TMP operations.,Monitors Demand & Supply parameters to ensure efficiency at Level 2.
TMP,Demand & Supply,3,Digitalized Monitoring,ERP-Integrated Demand Visibility,Green,No,TMP Demand & Supply L3 System,Advanced implementation of ERP-Integrated Demand Visibility tailored for TMP operations.,Monitors Demand & Supply parameters to ensure efficiency at Level 3.
TMP,Demand & Supply,4,Data-Driven Prediction,Real-time Supply Chain Simulation,Red,No,TMP Demand & Supply L4 System,Advanced implementation of Real-time Supply Chain Simulation tailored for TMP operations.,Monitors Demand & Supply parameters to ensure efficiency at Level 4.
TMP,Demand & Supply,5,Autonomous / Prescriptive Process,Self-Adjusting Autonomous Supply Chain,Red,No,TMP Demand & Supply L5 System,Advanced implementation of Self-Adjusting Autonomous Supply Chain tailored for TMP operations.,Monitors Demand & Supply parameters to ensure efficiency at Level 5.
TMP,Smart Process Equipment Preparation,2,Manual Process with Standard Procedure,Manual Machine Setup Instructions,Green,No,TMP Smart Process Equipment Preparation L2 System,Advanced implementation of Manual Machine Setup Instructions tailored for TMP operations.,Monitors Smart Process Equipment Preparation parameters to ensure efficiency at Level 2.
TMP,Smart Process Equipment Preparation,3,Digitalized Monitoring,Digital PLC Data Logging,Red,No,TMP Smart Process Equipment Preparation L3 System,Advanced implementation of Digital PLC Data Logging tailored for TMP operations.,Monitors Smart Process Equipment Preparation parameters to ensure efficiency at Level 3.
TMP,Smart Process Equipment Preparation,4,Data-Driven Prediction,Digital Twin for Process Simulation,Red,No,TMP Smart Process Equipment Preparation L4 System,Advanced implementation of Digital Twin for Process Simulation tailored for TMP operations.,Monitors Smart Process Equipment Preparation parameters to ensure efficiency at Level 4.
TMP,Smart Process Equipment Preparation,5,Autonomous / Prescriptive Process,Autonomous Machine Self-Configuration,Red,No,TMP Smart Process Equipment Preparation L5 System,Advanced implementation of Autonomous Machine Self-Configuration tailored for TMP operations.,Monitors Smart Process Equipment Preparation parameters to ensure efficiency at Level 5.
TMV,Quality,2,Manual Process with Standard Procedure,Manual Inspection with Paper Checksheets,Green,No,TMV Quality L2 System,Advanced implementation of Manual Inspection with Paper Checksheets tailored for TMV operations.,Monitors Quality parameters to ensure efficiency at Level 2.
TMV,Quality,3,Digitalized Monitoring,Real-time Digital Quality Recording,Green,No,TMV Quality L3 System,Advanced implementation of Real-time Digital Quality Recording tailored for TMV operations.,Monitors Quality parameters to ensure efficiency at Level 3.
TMV,Quality,4,Data-Driven Prediction,AI-based Visual Defect Detection,Red,No,TMV Quality L4 System,Advanced implementation of AI-based Visual Defect Detection tailored for TMV operations.,Monitors Quality parameters to ensure efficiency at Level 4.
TMV,Quality,5,Autonomous / Prescriptive Process,Autonomous Quality Feedback Loop,Red,No,TMV Quality L5 System,Advanced implementation of Autonomous Quality Feedback Loop tailored for TMV operations.,Monitors Quality parameters to ensure efficiency at Level 5.
TMV,Maintenance,2,Manual Process with Standard Procedure,Manual Breakdown Maintenance Log,Green,No,TMV Maintenance L2 System,Advanced implementation of Manual Breakdown Maintenance Log tailored for TMV operations.,Monitors Maintenance parameters to ensure efficiency at Level 2.
TMV,Maintenance,3,Digitalized Monitoring,IoT-based Condition Monitoring,Yellow,No,TMV Maintenance L3 System,Advanced implementation of IoT-based Condition Monitoring tailored for TMV operations.,Monitors Maintenance parameters to ensure efficiency at Level 3.
TMV,Maintenance,4,Data-Driven Prediction,Predictive Maintenance (PdM) Analytics,Red,No,TMV Maintenance L4 System,Advanced implementation of Predictive Maintenance (PdM) Analytics tailored for TMV operations.,Monitors Maintenance parameters to ensure efficiency at Level 4.
TMV,Maintenance,5,Autonomous / Prescriptive Process,Self-Diagnostic & Autonomous Repair,Red,No,TMV Maintenance L5 System,Advanced implementation of Self-Diagnostic & Autonomous Repair tailored for TMV operations.,Monitors Maintenance parameters to ensure efficiency at Level 5.
TMV,Digital Workplace,2,Manual Process with Standard Procedure,Physical Notice Boards & Paper Forms,Green,No,TMV Digital Workplace L2 System,Advanced implementation of Physical Notice Boards & Paper Forms tailored for TMV operations.,Monitors Digital Workplace parameters to ensure efficiency at Level 2.
TMV,Digital Workplace,3,Digitalized Monitoring,Centralized SharePoint Portals,Green,No,TMV Digital Workplace L3 System,Advanced implementation of Centralized SharePoint Portals tailored for TMV operations.,Monitors Digital Workplace parameters to ensure efficiency at Level 3.
TMV,Digital Workplace,4,Data-Driven Prediction,Automated Workflow & Mobile Integration,Red,No,TMV Digital Workplace L4 System,Advanced implementation of Automated Workflow & Mobile Integration tailored for TMV operations.,Monitors Digital Workplace parameters to ensure efficiency at Level 4.
TMV,Digital Workplace,5,Autonomous / Prescriptive Process,AI Personal Assistant for Task Management,Red,No,TMV Digital Workplace L5 System,Advanced implementation of AI Personal Assistant for Task Management tailored for TMV operations.,Monitors Digital Workplace parameters to ensure efficiency at Level 5.
TMV,Demand & Supply,2,Manual Process with Standard Procedure,Excel-based Manual Forecasting,Green,No,TMV Demand & Supply L2 System,Advanced implementation of Excel-based Manual Forecasting tailored for TMV operations.,Monitors Demand & Supply parameters to ensure efficiency at Level 2.
TMV,Demand & Supply,3,Digitalized Monitoring,ERP-Integrated Demand Visibility,Red,No,TMV Demand & Supply L3 System,Advanced implementation of ERP-Integrated Demand Visibility tailored for TMV operations.,Monitors Demand & Supply parameters to ensure efficiency at Level 3.
TMV,Demand & Supply,4,Data-Driven Prediction,Real-time Supply Chain Simulation,Red,No,TMV Demand & Supply L4 System,Advanced implementation of Real-time Supply Chain Simulation tailored for TMV operations.,Monitors Demand & Supply parameters to ensure efficiency at Level 4.
TMV,Demand & Supply,5,Autonomous / Prescriptive Process,Self-Adjusting Autonomous Supply Chain,Red,No,TMV Demand & Supply L5 System,Advanced implementation of Self-Adjusting Autonomous Supply Chain tailored for TMV operations.,Monitors Demand & Supply parameters to ensure efficiency at Level 5.
TMV,Smart Process Equipment Preparation,2,Manual Process with Standard Procedure,Manual Machine Setup Instructions,Green,No,TMV Smart Process Equipment Preparation L2 System,Advanced implementation of Manual Machine Setup Instructions tailored for TMV operations.,Monitors Smart Process Equipment Preparation parameters to ensure efficiency at Level 2.
TMV,Smart Process Equipment Preparation,3,Digitalized Monitoring,Digital PLC Data Logging,Green,No,TMV Smart Process Equipment Preparation L3 System,Advanced implementation of Digital PLC Data Logging tailored for TMV operations.,Monitors Smart Process Equipment Preparation parameters to ensure efficiency at Level 3.
TMV,Smart Process Equipment Preparation,4,Data-Driven Prediction,Digital Twin for Process Simulation,Red,No,TMV Smart Process Equipment Preparation L4 System,Advanced implementation of Digital Twin for Process Simulation tailored for TMV operations.,Monitors Smart Process Equipment Preparation parameters to ensure efficiency at Level 4.
TMV,Smart Process Equipment Preparation,5,Autonomous / Prescriptive Process,Autonomous Machine Self-Configuration,Red,No,TMV Smart Process Equipment Preparation L5 System,Advanced implementation of Autonomous Machine Self-Configuration tailored for TMV operations.,Monitors Smart Process Equipment Preparation parameters to ensure efficiency at Level 5.
TMY,Quality,2,Manual Process with Standard Procedure,Manual Inspection with Paper Checksheets,Green,No,TMY Quality L2 System,Advanced implementation of Manual Inspection with Paper Checksheets tailored for TMY operations.,Monitors Quality parameters to ensure efficiency at Level 2.
TMY,Quality,3,Digitalized Monitoring,Real-time Digital Quality Recording,Red,No,TMY Quality L3 System,Advanced implementation of Real-time Digital Quality Recording tailored for TMY operations.,Monitors Quality parameters to ensure efficiency at Level 3.
TMY,Quality,4,Data-Driven Prediction,AI-based Visual Defect Detection,Red,No,TMY Quality L4 System,Advanced implementation of AI-based Visual Defect Detection tailored for TMY operations.,Monitors Quality parameters to ensure efficiency at Level 4.
TMY,Quality,5,Autonomous / Prescriptive Process,Autonomous Quality Feedback Loop,Red,No,TMY Quality L5 System,Advanced implementation of Autonomous Quality Feedback Loop tailored for TMY operations.,Monitors Quality parameters to ensure efficiency at Level 5.
TMY,Maintenance,2,Manual Process with Standard Procedure,Manual Breakdown Maintenance Log,Green,No,TMY Maintenance L2 System,Advanced implementation of Manual Breakdown Maintenance Log tailored for TMY operations.,Monitors Maintenance parameters to ensure efficiency at Level 2.
TMY,Maintenance,3,Digitalized Monitoring,IoT-based Condition Monitoring,Red,No,TMY Maintenance L3 System,Advanced implementation of IoT-based Condition Monitoring tailored for TMY operations.,Monitors Maintenance parameters to ensure efficiency at Level 3.
TMY,Maintenance,4,Data-Driven Prediction,Predictive Maintenance (PdM) Analytics,Red,No,TMY Maintenance L4 System,Advanced implementation of Predictive Maintenance (PdM) Analytics tailored for TMY operations.,Monitors Maintenance parameters to ensure efficiency at Level 4.
TMY,Maintenance,5,Autonomous / Prescriptive Process,Self-Diagnostic & Autonomous Repair,Red,No,TMY Maintenance L5 System,Advanced implementation of Self-Diagnostic & Autonomous Repair tailored for TMY operations.,Monitors Maintenance parameters to ensure efficiency at Level 5.
TMY,Digital Workplace,2,Manual Process with Standard Procedure,Physical Notice Boards & Paper Forms,Green,No,TMY Digital Workplace L2 System,Advanced implementation of Physical Notice Boards & Paper Forms tailored for TMY operations.,Monitors Digital Workplace parameters to ensure efficiency at Level 2.
TMY,Digital Workplace,3,Digitalized Monitoring,Centralized SharePoint Portals,Red,No,TMY Digital Workplace L3 System,Advanced implementation of Centralized SharePoint Portals tailored for TMY operations.,Monitors Digital Workplace parameters to ensure efficiency at Level 3.
TMY,Digital Workplace,4,Data-Driven Prediction,Automated Workflow & Mobile Integration,Red,No,TMY Digital Workplace L4 System,Advanced implementation of Automated Workflow & Mobile Integration tailored for TMY operations.,Monitors Digital Workplace parameters to ensure efficiency at Level 4.
TMY,Digital Workplace,5,Autonomous / Prescriptive Process,AI Personal Assistant for Task Management,Red,No,TMY Digital Workplace L5 System,Advanced implementation of AI Personal Assistant for Task Management tailored for TMY operations.,Monitors Digital Workplace parameters to ensure efficiency at Level 5.
TMY,Demand & Supply,2,Manual Process with Standard Procedure,Excel-based Manual Forecasting,Green,No,TMY Demand & Supply L2 System,Advanced implementation of Excel-based Manual Forecasting tailored for TMY operations.,Monitors Demand & Supply parameters to ensure efficiency at Level 2.
TMY,Demand & Supply,3,Digitalized Monitoring,ERP-Integrated Demand Visibility,Red,No,TMY Demand & Supply L3 System,Advanced implementation of ERP-Integrated Demand Visibility tailored for TMY operations.,Monitors Demand & Supply parameters to ensure efficiency at Level 3.
TMY,Demand & Supply,4,Data-Driven Prediction,Real-time Supply Chain Simulation,Red,No,TMY Demand & Supply L4 System,Advanced implementation of Real-time Supply Chain Simulation tailored for TMY operations.,Monitors Demand & Supply parameters to ensure efficiency at Level 4.
TMY,Demand & Supply,5,Autonomous / Prescriptive Process,Self-Adjusting Autonomous Supply Chain,Red,No,TMY Demand & Supply L5 System,Advanced implementation of Self-Adjusting Autonomous Supply Chain tailored for TMY operations.,Monitors Demand & Supply parameters to ensure efficiency at Level 5.
TMY,Smart Process Equipment Preparation,2,Manual Process with Standard Procedure,Manual Machine Setup Instructions,Green,No,TMY Smart Process Equipment Preparation L2 System,Advanced implementation of Manual Machine Setup Instructions tailored for TMY operations.,Monitors Smart Process Equipment Preparation parameters to ensure efficiency at Level 2.
TMY,Smart Process Equipment Preparation,3,Digitalized Monitoring,Digital PLC Data Logging,Red,No,TMY Smart Process Equipment Preparation L3 System,Advanced implementation of Digital PLC Data Logging tailored for TMY operations.,Monitors Smart Process Equipment Preparation parameters to ensure efficiency at Level 3.
TMY,Smart Process Equipment Preparation,4,Data-Driven Prediction,Digital Twin for Process Simulation,Red,No,TMY Smart Process Equipment Preparation L4 System,Advanced implementation of Digital Twin for Process Simulation tailored for TMY operations.,Monitors Smart Process Equipment Preparation parameters to ensure efficiency at Level 4.
TMY,Smart Process Equipment Preparation,5,Autonomous / Prescriptive Process,Autonomous Machine Self-Configuration,Red,No,TMY Smart Process Equipment Preparation L5 System,Advanced implementation of Autonomous Machine Self-Configuration tailored for TMY operations.,Monitors Smart Process Equipment Preparation parameters to ensure efficiency at Level 5.
IMC,Quality,2,Manual Process with Standard Procedure,Manual Inspection with Paper Checksheets,Green,No,IMC Quality L2 System,Advanced implementation of Manual Inspection with Paper Checksheets tailored for IMC operations.,Monitors Quality parameters to ensure efficiency at Level 2.
IMC,Quality,3,Digitalized Monitoring,Real-time Digital Quality Recording,Red,No,IMC Quality L3 System,Advanced implementation of Real-time Digital Quality Recording tailored for IMC operations.,Monitors Quality parameters to ensure efficiency at Level 3.
IMC,Quality,4,Data-Driven Prediction,AI-based Visual Defect Detection,Red,No,IMC Quality L4 System,Advanced implementation of AI-based Visual Defect Detection tailored for IMC operations.,Monitors Quality parameters to ensure efficiency at Level 4.
IMC,Quality,5,Autonomous / Prescriptive Process,Autonomous Quality Feedback Loop,Red,No,IMC Quality L5 System,Advanced implementation of Autonomous Quality Feedback Loop tailored for IMC operations.,Monitors Quality parameters to ensure efficiency at Level 5.
IMC,Maintenance,2,Manual Process with Standard Procedure,Manual Breakdown Maintenance Log,Green,No,IMC Maintenance L2 System,Advanced implementation of Manual Breakdown Maintenance Log tailored for IMC operations.,Monitors Maintenance parameters to ensure efficiency at Level 2.
IMC,Maintenance,3,Digitalized Monitoring,IoT-based Condition Monitoring,Red,No,IMC Maintenance L3 System,Advanced implementation of IoT-based Condition Monitoring tailored for IMC operations.,Monitors Maintenance parameters to ensure efficiency at Level 3.
IMC,Maintenance,4,Data-Driven Prediction,Predictive Maintenance (PdM) Analytics,Red,No,IMC Maintenance L4 System,Advanced implementation of Predictive Maintenance (PdM) Analytics tailored for IMC operations.,Monitors Maintenance parameters to ensure efficiency at Level 4.
IMC,Maintenance,5,Autonomous / Prescriptive Process,Self-Diagnostic & Autonomous Repair,Red,No,IMC Maintenance L5 System,Advanced implementation of Self-Diagnostic & Autonomous Repair tailored for IMC operations.,Monitors Maintenance parameters to ensure efficiency at Level 5.
IMC,Digital Workplace,2,Manual Process with Standard Procedure,Physical Notice Boards & Paper Forms,Green,No,IMC Digital Workplace L2 System,Advanced implementation of Physical Notice Boards & Paper Forms tailored for IMC operations.,Monitors Digital Workplace parameters to ensure efficiency at Level 2.
IMC,Digital Workplace,3,Digitalized Monitoring,Centralized SharePoint Portals,Red,No,IMC Digital Workplace L3 System,Advanced implementation of Centralized SharePoint Portals tailored for IMC operations.,Monitors Digital Workplace parameters to ensure efficiency at Level 3.
IMC,Digital Workplace,4,Data-Driven Prediction,Automated Workflow & Mobile Integration,Red,No,IMC Digital Workplace L4 System,Advanced implementation of Automated Workflow & Mobile Integration tailored for IMC operations.,Monitors Digital Workplace parameters to ensure efficiency at Level 4.
IMC,Digital Workplace,5,Autonomous / Prescriptive Process,AI Personal Assistant for Task Management,Red,No,IMC Digital Workplace L5 System,Advanced implementation of AI Personal Assistant for Task Management tailored for IMC operations.,Monitors Digital Workplace parameters to ensure efficiency at Level 5.
IMC,Demand & Supply,2,Manual Process with Standard Procedure,Excel-based Manual Forecasting,Green,No,IMC Demand & Supply L2 System,Advanced implementation of Excel-based Manual Forecasting tailored for IMC operations.,Monitors Demand & Supply parameters to ensure efficiency at Level 2.
IMC,Demand & Supply,3,Digitalized Monitoring,ERP-Integrated Demand Visibility,Red,No,IMC Demand & Supply L3 System,Advanced implementation of ERP-Integrated Demand Visibility tailored for IMC operations.,Monitors Demand & Supply parameters to ensure efficiency at Level 3.
IMC,Demand & Supply,4,Data-Driven Prediction,Real-time Supply Chain Simulation,Red,No,IMC Demand & Supply L4 System,Advanced implementation of Real-time Supply Chain Simulation tailored for IMC operations.,Monitors Demand & Supply parameters to ensure efficiency at Level 4.
IMC,Demand & Supply,5,Autonomous / Prescriptive Process,Self-Adjusting Autonomous Supply Chain,Red,No,IMC Demand & Supply L5 System,Advanced implementation of Self-Adjusting Autonomous Supply Chain tailored for IMC operations.,Monitors Demand & Supply parameters to ensure efficiency at Level 5.
IMC,Smart Process Equipment Preparation,2,Manual Process with Standard Procedure,Manual Machine Setup Instructions,Green,No,IMC Smart Process Equipment Preparation L2 System,Advanced implementation of Manual Machine Setup Instructions tailored for IMC operations.,Monitors Smart Process Equipment Preparation parameters to ensure efficiency at Level 2.
IMC,Smart Process Equipment Preparation,3,Digitalized Monitoring,Digital PLC Data Logging,Red,No,IMC Smart Process Equipment Preparation L3 System,Advanced implementation of Digital PLC Data Logging tailored for IMC operations.,Monitors Smart Process Equipment Preparation parameters to ensure efficiency at Level 3.
IMC,Smart Process Equipment Preparation,4,Data-Driven Prediction,Digital Twin for Process Simulation,Red,No,IMC Smart Process Equipment Preparation L4 System,Advanced implementation of Digital Twin for Process Simulation tailored for IMC operations.,Monitors Smart Process Equipment Preparation parameters to ensure efficiency at Level 4.
IMC,Smart Process Equipment Preparation,5,Autonomous / Prescriptive Process,Autonomous Machine Self-Configuration,Red,No,IMC Smart Process Equipment Preparation L5 System,Advanced implementation of Autonomous Machine Self-Configuration tailored for IMC operations.,Monitors Smart Process Equipment Preparation parameters to ensure efficiency at Level 5.
